{"cameraMode":{"drawMode":0,"name":"Shaded","section":"Shading Mode"},"sceneLighting":false,"audioPlay":false,"sceneViewState":{"showFog":true,"showMaterialUpdate":false,"showSkybox":true,"showFlares":true,"showImageEffects":true,"showParticleSystems":true},"in2DMode":false,"pivot":{"x":-1.565894365310669,"y":-3.9370198249816896,"z":-2.3366127014160158},"rotation":{"x":-0.27993056178092959,"y":0.0236111618578434,"z":-0.0068872347474098209,"w":-0.9597066640853882},"size":6.918739318847656,"orthographic":false}